<?xml version="1.0" encoding="utf-8" standalone="no"?>
<manifest identifier="C.Cipher.Cipher.602fbefd-ebb9-4c69-84b2-8b765c4c538e" version="1" xmlns:adlcp="http://www.adlnet.org/xsd/adlcp_rootv1p2" xmlns="http://www.imsproject.org/xsd/imscp_rootv1p1p2" xmlns:xsi="http://www.w3.org/2001/XMLSchema-instance" xsi:schemaLocation="http://www.imsproject.org/xsd/imscp_rootv1p1p2 imscp_rootv1p1p2.xsd http://www.imsglobal.org/xsd/imsmd_rootv1p2p1 imsmd_rootv1p2p1.xsd http://www.adlnet.org/xsd/adlcp_rootv1p2 adlcp_rootv1p2.xsd">
  <metadata>
    <schema>ADL SCORM</schema>
    <schemaversion>1.2</schemaversion>
    <adlcp:location>metadata.xml</adlcp:location>
  </metadata>
  <organizations default="Cipher">
    <organization identifier="Cipher">
      <title>Cipher</title>
      <item identifier="item_C.Cipher.Cipher.602fbefd-ebb9-4c69-84b2-8b765c4c538e" identifierref="resource_C.Cipher.Cipher.602fbefd-ebb9-4c69-84b2-8b765c4c538e">
        <title>Cipher</title>
        <adlcp:masteryscore>6</adlcp:masteryscore>
        <metadata>
          <schema>ADL SCORM</schema>
          <schemaversion>1.2</schemaversion>
          <adlcp:location>metadata.xml</adlcp:location>
        </metadata>
      </item>
      <metadata>
        <schema>ADL SCORM</schema>
        <schemaversion>1.2</schemaversion>
        <adlcp:location>metadata.xml</adlcp:location>
      </metadata>
    </organization>
  </organizations>
  <resources>
    <metadata>
      <schema>ADL SCORM</schema>
      <schemaversion>1.2</schemaversion>
      <adlcp:location>metadata.xml</adlcp:location>
    </metadata>
    <resource identifier="resource_C.Cipher.Cipher.602fbefd-ebb9-4c69-84b2-8b765c4c538e" type="webcontent" href="index.html" adlcp:scormtype="sco">
      <metadata>
        <schema>ADL SCORM</schema>
        <schemaversion>1.2</schemaversion>
        <adlcp:location>metadata.xml</adlcp:location>
      </metadata>
      <file href="assets/about_01-7e1ba4a0.png"/>
      <file href="assets/about_02-30e7b35d.png"/>
      <file href="assets/about_03-4ff55b33.png"/>
      <file href="assets/about_04-b64b2835.png"/>
      <file href="assets/about_05-5dae8ced.png"/>
      <file href="assets/about_06-97cdf9a9.png"/>
      <file href="assets/euler-cccfc362.jpg"/>
      <file href="assets/findd-ee0188f2.jpg"/>
      <file href="assets/index-80b36206.css"/>
      <file href="assets/index-f9d48bf7.js"/>
      <file href="assets/logo-cccb4cd4.svg"/>
      <file href="assets/Poppins-Bold-7219547e.ttf"/>
      <file href="assets/Poppins-Medium-8d909883.ttf"/>
      <file href="assets/Poppins-Regular-707fdc5c.ttf"/>
      <file href="assets/task_01-aa062b51.png"/>
      <file href="assets/task_02-5fef69c2.png"/>
      <file href="assets/task_03-bcc8432a.png"/>
      <file href="assets/task_04-fd4905bf.png"/>
      <file href="assets/task_05-6667bd91.png"/>
      <file href="assets/task_06-a34d8137.png"/>
      <file href="assets/theory_01-c9c7c7db.png"/>
      <file href="assets/theory_02-6852c119.png"/>
      <file href="assets/theory_03-3ea4965c.png"/>
      <file href="assets/theory_04-27dc426d.png"/>
      <file href="favicon.ico"/>
      <file href="index.html"/>
    </resource>
  </resources>
</manifest>