<?xml version="1.0" encoding="utf-8"?>
<manifest identifier="nBXaFd2WgBOPi" xmlns="http://www.imsproject.org/xsd/imscp_rootv1p1p2" xmlns:adlcp="http://www.adlnet.org/xsd/adlcp_rootv1p2" xmlns:xsi="http://www.w3.org/2001/XMLSchema-instance" xmlns:lom="http://www.imsglobal.org/xsd/imsmd_rootv1p2p1" xsi:schemaLocation="http://www.imsproject.org/xsd/imscp_rootv1p1p2 imscp_rootv1p1p2.xsd http://www.imsglobal.org/xsd/imsmd_rootv1p2p1 imsmd_rootv1p2p1.xsd http://www.adlnet.org/xsd/adlcp_rootv1p2 adlcp_rootv1p2.xsd">
<metadata>
<schema>ADL SCORM</schema>
<schemaversion>1.2</schemaversion>
<lom:lom>
<lom:general>
<lom:title>
<lom:langstring>Cipher</lom:langstring>
</lom:title>
</lom:general>
<lom:educational>
<lom:typicallearningtime>
<lom:datetime>01:00:00</lom:datetime>
</lom:typicallearningtime>
</lom:educational>
</lom:lom>
</metadata>
<organizations default="cipher_organization">
<organization identifier="cipher_organization">
<title>Cipher</title>
<item identifier="E87AC7EB-A48F-4C1E-85C4-CD65DD60182F" identifierref="resource">
<title>Cipher</title>
</item>
</organization>
</organizations>
<resources>
<resource identifier="resource" type="webcontent" adlcp:scormtype="sco" href="res/index.html">
<file href="res/index.html"/>
<file href="res/favicon.ico"/>
<file href="res/assets/index-2c6b1e3f.js"/>
<file href="res/assets/lms.js"/>
<file href="res/assets/browsersupport.js"/>
<file href="res/assets/player.js"/>
<file href="res/assets/index-a1f96b94.css"/>
<file href="res/assets/logo-cccb4cd4.svg"/>
<file href="res/assets/task_01-aa062b51.png"/>
<file href="res/assets/task_02-5fef69c2.png"/>
<file href="res/assets/task_03-bcc8432a.png"/>
<file href="res/assets/task_04-fd4905bf.png"/>
<file href="res/assets/task_05-6667bd91.png"/>
<file href="res/assets/task_06-a34d8137.png"/>
<file href="res/assets/theory_01-c9c7c7db.png"/>
<file href="res/assets/theory_02-6852c119.png"/>
<file href="res/assets/theory_03-3ea4965c.png"/>
<file href="res/assets/theory_04-27dc426d.png"/>
<file href="res/assets/Poppins-Bold-7219547e.ttf"/>
<file href="res/assets/Poppins-Medium-8d909883.ttf"/>
<file href="res/assets/Poppins-Regular-707fdc5c.ttf"/>
</resource>
</resources>
</manifest>
